n_real,n_syn,fid,kid_mean,kid_std,is_mean,is_std,precision,recall
296,200,168.60348510742188,0.0642584040760994,0.005802762694656849,3.151944398880005,0.3962215781211853,0.015,0.4594594594594595
