n_real,n_syn,fid,kid_mean,kid_std,is_mean,is_std,precision,recall
301,200,196.7993621826172,0.08361047506332397,0.009764659218490124,3.4822754859924316,0.25331589579582214,0.035,0.26245847176079734
