n_real,n_syn,fid,kid_mean,kid_std,is_mean,is_std,precision,recall
296,199,164.17527770996094,0.05631594732403755,0.006738926749676466,3.165133476257324,0.45997196435928345,0.07537688442211055,0.4189189189189189
