n_real,n_syn,fid,kid_mean,kid_std,is_mean,is_std,precision,recall
301,200,185.7507781982422,0.0801965519785881,0.008664838038384914,3.0816869735717773,0.3518632650375366,0.07,0.3023255813953488
