n_real,n_syn,fid,kid_mean,kid_std,is_mean,is_std,precision,recall
296,202,223.82037353515625,0.09761307388544083,0.00814452301710844,4.061638832092285,0.6370680332183838,0.0,0.17567567567567569
