n_real,n_syn,fid,kid_mean,kid_std,is_mean,is_std,precision,recall
301,200,239.15908813476562,0.10297683626413345,0.00971071794629097,4.149092674255371,0.4370799660682678,0.0,0.06312292358803986
