n_real,n_syn,fid,kid_mean,kid_std,is_mean,is_std,precision,recall
296,200,236.3621826171875,0.1250564455986023,0.008792023174464703,4.012670516967773,0.3335126042366028,0.0,0.23648648648648649
