n_real,n_syn,fid,kid_mean,kid_std,is_mean,is_std,precision,recall
301,200,237.97378540039062,0.09508515149354935,0.008101149462163448,4.6328229904174805,0.8820287585258484,0.0,0.06976744186046512
