n_real,n_syn,fid,kid_mean,kid_std,is_mean,is_std,precision,recall
47,48,247.6337890625,0.07098305970430374,0.0009668953134678304,2.266664981842041,0.4095897376537323,0.2916666666666667,0.5957446808510638
