n_real,n_syn,fid,kid_mean,kid_std,is_mean,is_std,precision,recall
47,50,253.3568572998047,0.09983446449041367,0.002056519500911236,2.2805371284484863,0.18060731887817383,0.24,0.5531914893617021
