n_real,n_syn,fid,kid_mean,kid_std,is_mean,is_std,precision,recall
321,48,261.7615051269531,0.10366394370794296,0.008808060549199581,2.429105758666992,0.5691360235214233,0.0,0.411214953271028
